F_BUS;T_BUS;BR_R;BR_X;BR_B;RATE_A;RATE_B;RATE_C;ratio;angle;BR_STATUS
10001;10002;0.00042;0.00891;0.00012;342.95;342.95;342.95;0;0;1
10002;20001;0.00083;0.01782;0.00025;342.95;342.95;342.95;0;0;1
20001;20002;0.0025;0.05347;0.00075;342.95;342.95;342.95;0;0;1
10002;20003;0.00083;0.01782;0.00025;342.95;342.95;342.95;0;0;1
20003;20004;0.0007;0.02;0;600;600;600;1;0;1
20002;30001;0.00417;0.08911;0.00124;342.95;342.95;342.95;0;0;1
20002;30002;0.0021;0.06;0;200;200;200;1;0;1
20004;30003;0.00108;0.02297;0.00483;675.5;675.5;675.5;0;0;1
