F_BUS;T_BUS;BR_R;BR_X;BR_B;RATE_A;RATE_B;RATE_C;TAP;SHIFT;BR_STATUS;ANGMIN;ANGMAX;PF;QF;PT;QT;MU_SF;MU_ST;MU_ANGMIN;MU_ANGMAX
R1S130T1;R1S66T1;0.00042;0.00891;0.00012;3;3;3;1;0;1;0;0;0;0;0;0;0;0;0;0
R1S66T1;R1S66T2;0.00083;0.01782;0.00025;3;3;3;1;0;1;0;0;0;0;0;0;0;0;0;0
R1S66T2;R1S0.230T1;0.0025;0.05347;0.00075;3;3;3;1;0;1;0;0;0;0;0;0;0;0;0;0
R1S66T1;R1S66T3;0.00083;0.01782;0.00025;3;3;3;1;0;1;0;0;0;0;0;0;0;0;0;0
R1S66T3;R1S0.230T2;0.0007;0.02;0;3;3;3;1;0;1;0;0;0;0;0;0;0;0;0;0
R1S0.230T1;R1S0.230T3;0.00417;0.08911;0.00124;3;3;3;1;0;1;0;0;0;0;0;0;0;0;0;0
R1S0.230T1;R1S0.230T4;0.0021;0.06;0;3;3;3;1;0;1;0;0;0;0;0;0;0;0;0;0
R1S0.230T2;R1S0.230T5;0.00108;0.02297;0.00483;3;3;3;1;0;1;0;0;0;0;0;0;0;0;0;0
