F_BUS;T_BUS;BR_R;BR_X;BR_B;RATE_A;RATE_B;RATE_C;TAP;SHIFT;BR_STATUS;ANGMIN;ANGMAX;PF;QF;PT;QT;MU_SF;MU_ST;MU_ANGMIN;MU_ANGMAX
10001;10002;0.00042;0.00891;0.00012;3;3;3;1;0;1;0;0;0;0;0;0;0;0;0;0
10002;20001;0.00083;0.01782;0.00025;3;3;3;1;0;1;0;0;0;0;0;0;0;0;0;0
20001;20002;0.0025;0.05347;0.00075;3;3;3;1;0;1;0;0;0;0;0;0;0;0;0;0
10002;20003;0.00083;0.01782;0.00025;3;3;3;1;0;1;0;0;0;0;0;0;0;0;0;0
20003;20004;0.0007;0.02;0;3;3;3;1;0;1;0;0;0;0;0;0;0;0;0;0
20002;30001;0.00417;0.08911;0.00124;3;3;3;1;0;1;0;0;0;0;0;0;0;0;0;0
20002;30002;0.0021;0.06;0;3;3;3;1;0;1;0;0;0;0;0;0;0;0;0;0
20004;30003;0.00108;0.02297;0.00483;3;3;3;1;0;1;0;0;0;0;0;0;0;0;0;0
